"rgn_id","pressure_score"
12,0.434347
4,0.434347
8,0.434347
10,0.434347
2,0.434347
14,0.434347
7,0.434347
11,0.434347
5,0.434347
3,0.434347
1,0.434347
9,0.434347
6,0.434347
13,0.434347
