"rgn_id","pressure_score"
12,0.220703165843741
4,0.220703165843741
8,0.220703165843741
10,0.220703165843741
2,0.220703165843741
14,0.220703165843741
7,0.220703165843741
11,0.220703165843741
5,0.220703165843741
3,0.220703165843741
1,0.220703165843741
9,0.220703165843741
6,0.220703165843741
13,0.220703165843741
