"rgn_id","pressure_score"
12,0.280312572566515
4,0.280312572566515
8,0.280312572566515
10,0.280312572566515
2,0.280312572566515
14,0.280312572566515
7,0.280312572566515
11,0.280312572566515
5,0.280312572566515
3,0.280312572566515
1,0.280312572566515
9,0.280312572566515
6,0.280312572566515
13,0.280312572566515
