"rgn_id","pressure_score"
12,0.879152222183996
4,0.879152222183996
8,0.879152222183996
10,0.879152222183996
2,0.879152222183996
14,0.879152222183996
7,0.879152222183996
11,0.879152222183996
5,0.879152222183996
3,0.879152222183996
1,0.879152222183996
9,0.879152222183996
6,0.879152222183996
13,0.879152222183996
