"rgn_id","trend.score"
12,"0.00228107232123582"
4,"0.00228107232123582"
8,"0.00228107232123582"
10,"0.00228107232123582"
2,"0.00228107232123582"
14,"0.00228107232123582"
7,"0.00228107232123582"
11,"0.00228107232123582"
5,"0.00228107232123582"
3,"0.00228107232123582"
1,"0.00228107232123582"
9,"0.00228107232123582"
6,"0.00228107232123582"
13,"0.00228107232123582"
