"rgn_id","resilience.score"
12,0.810621507295347
4,0.810621507295347
8,0.810621507295347
10,0.810621507295347
2,0.810621507295347
14,0.810621507295347
7,0.810621507295347
11,0.810621507295347
5,0.810621507295347
3,0.810621507295347
1,0.810621507295347
9,0.810621507295347
6,0.810621507295347
13,0.810621507295347
