"rgn_id","resilience.score"
12,0.763064811747425
4,0.763064811747425
8,0.763064811747425
10,0.763064811747425
2,0.763064811747425
14,0.763064811747425
7,0.763064811747425
11,0.763064811747425
5,0.763064811747425
3,0.763064811747425
1,0.763064811747425
9,0.763064811747425
6,0.763064811747425
13,0.763064811747425
