"rgn_id","resilience.score"
12,0.782555817458796
4,0.782555817458796
8,0.782555817458796
10,0.782555817458796
2,0.782555817458796
14,0.782555817458796
7,0.782555817458796
11,0.782555817458796
5,0.782555817458796
3,0.782555817458796
1,0.782555817458796
9,0.782555817458796
6,0.782555817458796
13,0.782555817458796
