"rgn_id","pressure_score"
12,0.221867523034065
4,0.221867523034065
8,0.221867523034065
10,0.221867523034065
2,0.221867523034065
14,0.221867523034065
7,0.221867523034065
11,0.221867523034065
5,0.221867523034065
3,0.221867523034065
1,0.221867523034065
9,0.221867523034065
6,0.221867523034065
13,0.221867523034065
