"rgn_id","pressure_score"
12,0.217982593649295
4,0.217982593649295
8,0.217982593649295
10,0.217982593649295
2,0.217982593649295
14,0.217982593649295
7,0.217982593649295
11,0.217982593649295
5,0.217982593649295
3,0.217982593649295
1,0.217982593649295
9,0.217982593649295
6,0.217982593649295
13,0.217982593649295
