"rgn_id","pressure_score"
12,0.201742726043385
4,0.201742726043385
8,0.201742726043385
10,0.201742726043385
2,0.201742726043385
14,0.201742726043385
7,0.201742726043385
11,0.201742726043385
5,0.201742726043385
3,0.201742726043385
1,0.201742726043385
9,0.201742726043385
6,0.201742726043385
13,0.201742726043385
