"rgn_id","w_fis"
12,0.991351951518384
4,0.991351951518384
8,0.991351951518384
10,0.991351951518384
2,0.991351951518384
14,0.991351951518384
7,0.991351951518384
11,0.991351951518384
5,0.991351951518384
3,0.991351951518384
1,0.991351951518384
9,0.991351951518384
6,0.991351951518384
13,0.991351951518384
