"rgn_id","pressure_score"
1,0.00731728676376508
2,0.0136931443341398
3,0.00714653985864346
4,0.0011588534557851
5,0.00539006846850202
6,0.00898428136692747
7,0.00476552099509271
8,0.0419770800120596
9,0.0100586917280703
10,0.00793731307384455
11,0.00431558705614903
12,0.0148728915163673
13,0.00268999511132018
14,0.0122857462593334
