"rgn_id","pressure_score"
12,0.142593
4,0.142593
8,0.142593
10,0.142593
2,0.142593
14,0.142593
7,0.142593
11,0.142593
5,0.142593
3,0.142593
1,0.142593
9,0.142593
6,0.142593
13,0.142593
