"rgn_id","resilience.score"
12,0.0130471986228
4,0.0130471986228
8,0.0130471986228
10,0.0130471986228
2,0.0130471986228
14,0.0130471986228
7,0.0130471986228
11,0.0130471986228
5,0.0130471986228
3,0.0130471986228
1,0.0130471986228
9,0.0130471986228
6,0.0130471986228
13,0.0130471986228
