"rgn_id","resilience.score"
12,0.916666666666667
4,0.916666666666667
8,0.916666666666667
10,0.916666666666667
2,0.916666666666667
14,0.916666666666667
7,0.916666666666667
11,0.916666666666667
5,0.916666666666667
3,0.916666666666667
1,0.916666666666667
9,0.916666666666667
6,0.916666666666667
13,0.916666666666667
