"rgn_id","resilience.score"
12,0.58276746874045
4,0.58276746874045
8,0.58276746874045
10,0.58276746874045
2,0.58276746874045
14,0.58276746874045
7,0.58276746874045
11,0.58276746874045
5,0.58276746874045
3,0.58276746874045
1,0.58276746874045
9,0.58276746874045
6,0.58276746874045
13,0.58276746874045
