"rgn_id","pressure_score"
12,0.187054263153896
4,0.187054263153896
8,0.187054263153896
10,0.187054263153896
2,0.187054263153896
14,0.187054263153896
7,0.187054263153896
11,0.187054263153896
5,0.187054263153896
3,0.187054263153896
1,0.187054263153896
9,0.187054263153896
6,0.187054263153896
13,0.187054263153896
