"rgn_id","pressure_score"
12,0.260634601581184
4,0.260634601581184
8,0.260634601581184
10,0.260634601581184
2,0.260634601581184
14,0.260634601581184
7,0.260634601581184
11,0.260634601581184
5,0.260634601581184
3,0.260634601581184
1,0.260634601581184
9,0.260634601581184
6,0.260634601581184
13,0.260634601581184
