"rgn_id","pressure_score"
12,0.0420154
4,0.0420154
8,0.0420154
10,0.0420154
2,0.0420154
14,0.0420154
7,0.0420154
11,0.0420154
5,0.0420154
3,0.0420154
1,0.0420154
9,0.0420154
6,0.0420154
13,0.0420154
