"rgn_id","pressure_score"
12,0.511926518313786
4,0.511926518313786
8,0.511926518313786
10,0.511926518313786
2,0.511926518313786
14,0.511926518313786
7,0.511926518313786
11,0.511926518313786
5,0.511926518313786
3,0.511926518313786
1,0.511926518313786
9,0.511926518313786
6,0.511926518313786
13,0.511926518313786
