"rgn_id","score"
12,0.865458662699428
4,0.865458662699428
8,0.865458662699428
10,0.865458662699428
2,0.865458662699428
14,0.865458662699428
7,0.865458662699428
11,0.865458662699428
5,0.865458662699428
3,0.865458662699428
1,0.865458662699428
9,0.865458662699428
6,0.865458662699428
13,0.865458662699428
