"rgn_id","score"
12,-0.114286598590573
4,-0.114286598590573
8,-0.114286598590573
10,-0.114286598590573
2,-0.114286598590573
14,-0.114286598590573
7,-0.114286598590573
11,-0.114286598590573
5,-0.114286598590573
3,-0.114286598590573
1,-0.114286598590573
9,-0.114286598590573
6,-0.114286598590573
13,-0.114286598590573
