"rgn_id","score"
12,0.840335868480893
4,0.840335868480893
8,0.840335868480893
10,0.840335868480893
2,0.840335868480893
14,0.840335868480893
7,0.840335868480893
11,0.840335868480893
5,0.840335868480893
3,0.840335868480893
1,0.840335868480893
9,0.840335868480893
6,0.840335868480893
13,0.840335868480893
