"rgn_id","score"
12,0.146623680103931
4,0.146623680103931
8,0.146623680103931
10,0.146623680103931
2,0.146623680103931
14,0.146623680103931
7,0.146623680103931
11,0.146623680103931
5,0.146623680103931
3,0.146623680103931
1,0.146623680103931
9,0.146623680103931
6,0.146623680103931
13,0.146623680103931
