"rgn_id","score"
12,0.853376319896069
4,0.853376319896069
8,0.853376319896069
10,0.853376319896069
2,0.853376319896069
14,0.853376319896069
7,0.853376319896069
11,0.853376319896069
5,0.853376319896069
3,0.853376319896069
1,0.853376319896069
9,0.853376319896069
6,0.853376319896069
13,0.853376319896069
